пїњDate;Match ID;Game Time;Team;Role;Hero;Facet;Player Name;LB Rank;LB Team;AccountID;Net Worth;Level;K/D/A;Total Team Kills;NW Lead;Radiant Win Chance %;Items
02.04.2026 0:49;8753506193;33:48:00;Radiant;1;muerta;0;Satanic;2;PARI;"	1044002267";24293;23;09.02.2006;33;Radiant +4486;71;silver_edge, black_king_bar, mask_of_madness, hurricane_pike, power_treads, mjollnir, [gunpowder_gauntlets]
02.04.2026 0:49;8753506193;33:48:00;Radiant;2;ember_spirit;0;Mirele`;222;YeS;"	116865891";17693;22;17.04.2008;33;Radiant +4486;71;mage_slayer, black_king_bar, blight_stone, phase_boots, yasha_and_kaya, magic_wand, [stormcrafter]
02.04.2026 0:49;8753506193;33:48:00;Radiant;3;phoenix;0;Tobi;28;nan;"	140288368";14453;17;04.06.2008;33;Radiant +4486;71;consecrated_wraps, shivas_guard, power_treads, veil_of_discord, magic_wand, bracer, [partisans_brand]
02.04.2026 0:49;8753506193;33:48:00;Radiant;4;treant;0;HardL;287;nan;"	935495351";9266;17;03.05.2017;33;Radiant +4486;71;magic_wand, solar_crest, blink, ward_dispenser, arcane_boots, great_famango, [psychic_headband]
02.04.2026 0:49;8753506193;33:48:00;Radiant;5;jakiro;0;distanceq3;625;nan;"	197681058";7817;17;0/10/13;33;Radiant +4486;71;force_staff, magic_wand, arcane_boots, famango, ancient_janggo, [essence_ring]
02.04.2026 0:49;8753506193;33:48:00;Dire;1;obsidian_destroyer;0;NLine–≥–Г–З;123;nan;"	151669649";18831;20;12.08.2003;27;Radiant +4486;71;null_talisman, blink, black_king_bar, power_treads, hurricane_pike, witch_blade, [partisans_brand]
02.04.2026 0:49;8753506193;33:48:00;Dire;2;meepo;0;ssnovv1;45;AVULUS;"	320017600";18647;19;0/7/8;27;Radiant +4486;71;disperser, wraith_band, power_treads, ultimate_scepter, ogre_axe, consecrated_wraps, [cloak_of_flames]
02.04.2026 0:49;8753506193;33:48:00;Dire;3;tidehunter;0;Chod–Ю–ИX;18;nan;"	332342615";16949;20;09.02.2012;27;Radiant +4486;71;blink, pipe, phase_boots, black_king_bar, soul_ring, mage_slayer, [gunpowder_gauntlets]
02.04.2026 0:49;8753506193;33:48:00;Dire;4;hoodwink;0;"asdbnaso;klpdu0-92";310;;"	175350492";7836;16;02.07.2016;27;Radiant +4486;71;dust, arcane_boots, force_staff, ward_dispenser, shawl, magic_wand, [psychic_headband]
02.04.2026 0:49;8753506193;33:48:00;Dire;5;ringmaster;0;fake;443;;"	1126703680";6773;15;03.09.2011;27;Radiant +4486;71;arcane_boots, magic_wand, dust, blink, wind_lace, circlet, [partisans_brand]
02.04.2026 0:53;8753506072;33:34:00;Radiant;1;abaddon;0;–µ¬§¬©–є—С–Е;171;nan;"	86745912";20717;21;04.04.2010;30;Dire +2026;26;phase_boots, magic_wand, manta, bloodthorn, radiance, null_talisman, [spellslinger]
02.04.2026 0:53;8753506072;33:34:00;Radiant;2;pangolier;0;R;530;;"	311534425";17957;20;12.02.2011;30;Dire +2026;26;power_treads, blink, diffusal_blade, basher, ultimate_scepter, blight_stone, [serrated_shiv]
02.04.2026 0:53;8753506072;33:34:00;Radiant;3;tidehunter;0;megoway;322;nan;"	892044246";13826;18;03.06.2008;30;Dire +2026;26;blink, soul_ring, ultimate_scepter, vladmir, bracer, phase_boots, [jidi_pollen_bag]
02.04.2026 0:53;8753506072;33:34:00;Radiant;4;silencer;0;MTD;272;X;"	112426916";12717;16;08.05.2011;30;Dire +2026;26;null_talisman, tranquil_boots, hand_of_midas, ring_of_tarrasque, ultimate_scepter, magic_wand, [psychic_headband]
02.04.2026 0:53;8753506072;33:34:00;Radiant;5;weaver;0;Starlight-;515;nan;"	1674486174";11910;16;03.05.2011;30;Dire +2026;26;spirit_vessel, magic_wand, tiara_of_selemene, smoke_of_deceit, lotus_orb, ward_sentry, [spellslinger]
02.04.2026 0:53;8753506072;33:34:00;Dire;1;juggernaut;0;Crystallis;187;nan;"	127617979";28602;25;08.02.2006;20;Dire +2026;26;butterfly, manta, basher, eagle, power_treads, bfury, [serrated_shiv]
02.04.2026 0:53;8753506072;33:34:00;Dire;2;abyssal_underlord;0;–†¬†–†—Х–†–Е–†¬∞–†¬ї–†“С–†—Х;444;;"	117200195";17370;22;04.05.2006;20;Dire +2026;26;power_treads, ultimate_scepter, assault, soul_ring, lotus_orb, dust, [serrated_shiv]
02.04.2026 0:53;8753506072;33:34:00;Dire;3;viper;0;Egor;455;PSK;"	1110152099";14850;18;05.08.2008;20;Dire +2026;26;power_treads, bracer, hurricane_pike, black_king_bar, mage_slayer, magic_wand, [searing_signet]
02.04.2026 0:53;8753506072;33:34:00;Dire;4;phoenix;0;monodrama;343;nan;"	169516760";10445;16;02.08.2016;20;Dire +2026;26;shivas_guard, ward_dispenser, urn_of_shadows, tranquil_boots, great_famango, cyclone, [jidi_pollen_bag]
02.04.2026 0:53;8753506072;33:34:00;Dire;5;lion;0;Zirat;357;;"	425584844";7886;15;01.07.2009;20;Dire +2026;26;boots, magic_stick, invis_sword, blink, [serrated_shiv]
02.04.2026 0:59;8753522534;31:32:00;Radiant;1;dawnbreaker;0;–†—Ш–°—У–°–Г–†—Х–°–В;1625;nan;"	170809075";16051;19;08.05.2012;27;Dire +10758;6;phase_boots, bracer, magic_wand, harpoon, soul_ring, desolator, [unrelenting_eye]
02.04.2026 0:59;8753522534;31:32:00;Radiant;2;monkey_king;0;Worick;46;nan;"	72393079";12799;17;06.03.2012;27;Dire +10758;6;mage_slayer, black_king_bar, phase_boots, magic_wand, blade_of_alacrity, wraith_band, [gunpowder_gauntlets]
02.04.2026 0:59;8753522534;31:32:00;Radiant;3;riki;0;qqwfdweyef;343;;"	1305619263";12423;18;05.06.2009;27;Dire +10758;6;magic_wand, disperser, power_treads, branches, phylactery, [gunpowder_gauntlets]
02.04.2026 0:59;8753522534;31:32:00;Radiant;4;skywrath_mage;0;–†—Ш–†¬∞–†—Ш–†¬∞ –†¬∞–†–Е–†¬∞–°–В–°вА¶–†—С–°–П;463;;"	199666759";7529;14;08.11.2007;27;Dire +10758;6;boots, dust, meteor_hammer, blood_grenade, null_talisman, null_talisman, [essence_ring]
02.04.2026 0:59;8753522534;31:32:00;Radiant;5;dazzle;0;< blank >;764;nan;"	911977148";7294;14;0/6/17;27;Dire +10758;6;magic_wand, arcane_boots, glimmer_cape, ward_observer, dust, [stormcrafter]
02.04.2026 0:59;8753522534;31:32:00;Dire;1;slark;0;imoriwell;330;;"	181987328";18851;19;10.03.2007;30;Dire +10758;6;black_king_bar, power_treads, gem, diffusal_blade, silver_edge, echo_sabre, [gunpowder_gauntlets]
02.04.2026 0:59;8753522534;31:32:00;Dire;2;leshrac;0;M;107;;"	140251702";18149;22;08.05.2012;30;Dire +10758;6;blink, arcane_boots, veil_of_discord, crellas_crozier, yasha_and_kaya, bottle, [jidi_pollen_bag]
02.04.2026 0:59;8753522534;31:32:00;Dire;3;pugna;0;tv/iloveokaydoto;476;nan;"	91663166";12546;18;02.03.2016;30;Dire +10758;6;null_talisman, force_staff, magic_wand, aether_lens, guardian_greaves, bracer, [spellslinger]
02.04.2026 0:59;8753522534;31:32:00;Dire;4;rubick;0;iwakura;202;;"	166659521";9617;16;07.08.2014;30;Dire +10758;6;dust, blink, greater_famango, force_staff, essence_distiller, boots, [essence_ring]
02.04.2026 0:59;8753522534;31:32:00;Dire;5;earth_spirit;0;6o$s;39;;"	181267255";7691;16;03.08.2018;30;Dire +10758;6;dust, ghost, dust, spirit_vessel, magic_stick, force_staff, [stormcrafter]
02.04.2026 1:03;8753549100;12:58;Radiant;1;naga_siren;0;sadgfe;51;;"	164685175";6980;9;02.01.2001;16;Radiant +6389;95;manta, power_treads, quelling_blade, magic_wand, sobi_mask, [occult_bracelet]
02.04.2026 1:03;8753549100;12:58;Radiant;2;doom_bringer;0;Fayde;39;GL;"	160119017";6719;10;5/0/5;16;Radiant +6389;95;magic_wand, phase_boots, shawl, crown, soul_ring, ancient_janggo, [occult_bracelet]
02.04.2026 1:03;8753549100;12:58;Radiant;3;pangolier;0;Serenada;62;nan;"	399804216";6201;11;4/0/5;16;Radiant +6389;95;boots, magic_wand, blight_stone, diffusal_blade, bottle, branches, [possessed_mask]
02.04.2026 1:03;8753549100;12:58;Radiant;4;weaver;0;pma;326;nan;"	352623024";3161;7;04.04.2004;16;Radiant +6389;95;spirit_vessel, magic_stick, ward_dispenser, dust, branches, [possessed_mask]
02.04.2026 1:03;8753549100;12:58;Radiant;5;disruptor;0;wakeup neo;448;;"	100483784";1780;7;0/0/9;16;Radiant +6389;95;magic_wand, sobi_mask, boots, infused_raindrop, ward_observer, [ash_legion_shield]
02.04.2026 1:03;8753549100;12:58;Dire;1;night_stalker;0;SSS;29;PV;"	402583877";5136;9;0/2/1;4;Radiant +6389;95;bracer, blades_of_attack, phase_boots, magic_wand, gloves, [dagger_of_ristul]
02.04.2026 1:03;8753549100;12:58;Dire;2;razor;0;BOOM;43;nan;"	190826739";4653;8;01.04.2000;4;Radiant +6389;95;power_treads, flask, branches, falcon_blade, wind_lace, magic_wand, [duelist_gloves]
02.04.2026 1:03;8753549100;12:58;Dire;3;skywrath_mage;0;raregods;390;VPP;"	847851833";4248;8;02.04.2000;4;Radiant +6389;95;staff_of_wizardry, bottle, null_talisman, boots, branches, null_talisman, [dormant_curio]
02.04.2026 1:03;8753549100;12:58;Dire;4;mirana;0;Dukalis;26;PARI;"	73401082";2255;6;01.04.2002;4;Radiant +6389;95;magic_wand, ward_dispenser, wizard_hat, infused_raindrop, ring_of_basilius, boots, [kobold_cup]
02.04.2026 1:03;8753549100;12:58;Dire;5;warlock;0;–†вАФ–†вАҐ–†вАЇ–†вАҐ–†—Ь–†¬Ђ–†вАҐ –†вАЬ–†вАҐ–†¬†–†—Ы–†¬Ш –†¬І–†вАҐ–†вАЇ–†вАҐ–†—Ь–†вАЭ–†вАУ;226;;"	402611144";2160;6;0/2/1;4;Radiant +6389;95;blood_grenade, magic_stick, ward_dispenser, arcane_boots, [kobold_cup]
02.04.2026 1:05;8753542039;21:22;Radiant;1;meepo;0;w33;216;NGX;"	86700461";16658;18;12.01.2006;35;Radiant +1523;91;wraith_band, wraith_band, sange_and_yasha, power_treads, consecrated_wraps, skadi, [defiant_shell]
02.04.2026 1:05;8753542039;21:22;Radiant;2;clinkz;0;tiktok streamer;511;;"	42194754";11312;14;13.05.2008;35;Radiant +1523;91;desolator, dragon_lance, quelling_blade, soul_ring, lesser_crit, power_treads, [medallion_of_courage]
02.04.2026 1:05;8753542039;21:22;Radiant;3;primal_beast;0;Saberlight;33;nan;"	126212866";7969;14;04.07.2013;35;Radiant +1523;91;dust, wind_lace, magic_wand, phase_boots, soul_ring, consecrated_wraps, [searing_signet]
02.04.2026 1:05;8753542039;21:22;Radiant;4;ringmaster;0;tv/krinzhikdoto;191;;"	465972635";4759;12;05.05.2016;35;Radiant +1523;91;cyclone, magic_stick, dust, arcane_boots, ward_dispenser, [pogo_stick]
02.04.2026 1:05;8753542039;21:22;Radiant;5;tusk;0;believe in yourself;;;"	909172192";4609;12;01.08.2022;35;Radiant +1523;91;wind_lace, magic_wand, boots, blink, ward_dispenser, dust, [crippling_crossbow]
02.04.2026 1:05;8753542039;21:22;Dire;1;beastmaster;0;zarich;167;nan;"	1224974216";11756;14;04.07.2013;26;Radiant +1523;91;power_treads, dust, magic_wand, blink, ogre_axe, ultimate_scepter, [duelist_gloves]
02.04.2026 1:05;8753542039;21:22;Dire;2;queenofpain;0;Supream^;86;ICxI;"	58513047";11659;16;07.06.2004;26;Radiant +1523;91;null_talisman, magic_wand, power_treads, bottle, kaya_and_sange, ultimate_scepter, [mana_draught]
02.04.2026 1:05;8753542039;21:22;Dire;3;night_stalker;0;INFERNAL;55;nan;"	417604379";8052;13;04.07.2009;26;Radiant +1523;91;harpoon, phase_boots, dust, ward_sentry, bracer, bracer, [medallion_of_courage]
02.04.2026 1:05;8753542039;21:22;Dire;4;bounty_hunter;0;–†¬±–†¬ї–†¬∞–°вАЪ–†–Е–†—Х–†вДЦ;705;nan;"	316555102";6469;11;04.07.2011;26;Radiant +1523;91;blood_grenade, magic_wand, spirit_vessel, ward_observer, tranquil_boots, [chipped_vest]
02.04.2026 1:05;8753542039;21:22;Dire;5;bane;0;H8 ;298;;"	191502419";5848;11;07.08.2011;26;Radiant +1523;91;wind_lace, arcane_boots, magic_wand, blink, ward_dispenser, dust, [searing_signet]
02.04.2026 1:13;8753533358;36:17:00;Radiant;1;weaver;0;chunga;185;nan;"	1132684405";26374;24;14.01.2009;44;Radiant +28401;97;power_treads, desolator, satanic, hurricane_pike, greater_crit, eagle, [cloak_of_flames]
02.04.2026 1:13;8753533358;36:17:00;Radiant;2;ember_spirit;0;xn–і—С¬ґe;252;nan;"	323562138";22975;23;18.02.2016;44;Radiant +28401;97;cyclone, mage_slayer, sphere, phase_boots, ultimate_scepter, orb_of_corrosion, [gunpowder_gauntlets]
02.04.2026 1:13;8753533358;36:17:00;Radiant;3;pangolier;0;Gift of Perseverance;79;;"	374875067";22294;25;12.02.2018;44;Radiant +28401;97;blink, power_treads, diffusal_blade, basher, sphere, ultimate_scepter, [stormcrafter]
02.04.2026 1:13;8753533358;36:17:00;Radiant;4;keeper_of_the_light;0;MugzZ;407;LFT5;"	280585026";12395;18;0/7/24;44;Radiant +28401;97;aeon_disk, ghost, force_staff, wind_lace, holy_locket, tranquil_boots, [medallion_of_courage]
02.04.2026 1:13;8753533358;36:17:00;Radiant;5;bane;0;Fishman;504;nan;"	127565532";9264;17;0/9/29;44;Radiant +28401;97;ghost, blink, magic_stick, ward_sentry, aether_lens, arcane_boots, [gunpowder_gauntlets]
02.04.2026 1:13;8753533358;36:17:00;Dire;1;ursa;0;—А—ЯвАЩвАЭ—А—ЯвАШвАШ;234;;"	212656698";25573;25;12.02.2003;20;Radiant +28401;97;bfury, black_king_bar, abyssal_blade, blink, phase_boots, disperser, [medallion_of_courage]
02.04.2026 1:13;8753533358;36:17:00;Dire;2;doom_bringer;0;–†—Ч–†—Х–†—Ч–°–В–†—Х–°–Г–†—С–†¬ї –†“С–†—Х–†¬±–†¬∞–†–Ж–†—С–°вАЪ–°–К;137;;"	120840516";16892;21;05.06.2008;20;Radiant +28401;97;consecrated_wraps, soul_ring, shivas_guard, blink, phase_boots, lotus_orb, [cloak_of_flames]
02.04.2026 1:13;8753533358;36:17:00;Dire;3;visage;0;just_idc;599;nan;"	1289398969";10530;15;1/14/7;20;Radiant +28401;97;vladmir, dust, ultimate_scepter, null_talisman, boots, blight_stone, [unrelenting_eye]
02.04.2026 1:13;8753533358;36:17:00;Dire;4;dazzle;0;asdekor_r;99;AVULUS;"	1675898897";6483;14;0/11/10;20;Radiant +28401;97;arcane_boots, great_famango, mekansm, wind_lace, dust, holy_locket, [psychic_headband]
02.04.2026 1:13;8753533358;36:17:00;Dire;5;shadow_demon;0;rage baiting;;;"	68007361";5423;15;01.11.2011;20;Radiant +28401;97;ward_dispenser, essence_distiller, boots, magic_wand, [stormcrafter]
02.04.2026 1:19;8753554118;24:36:00;Radiant;1;life_stealer;0;Ang3l^;429;nan;"	173842160";15524;19;09.01.2002;26;Radiant +9626;94;armlet, phase_boots, magic_stick, gauntlets, radiance, sange_and_yasha, [defiant_shell]
02.04.2026 1:19;8753554118;24:36:00;Radiant;2;queenofpain;0;nothingness;802;Never;"	316826785";14619;20;13.01.2006;26;Radiant +9626;94;kaya_and_sange, magic_wand, dust, veil_of_discord, ultimate_scepter, power_treads, [essence_ring]
02.04.2026 1:19;8753554118;24:36:00;Radiant;3;dark_seer;0;gaypornproduser;734;;"	1816905617";12608;16;0/7/9;26;Radiant +9626;94;boots, lotus_orb, soul_ring, vanguard, maelstrom, [essence_ring]
02.04.2026 1:19;8753554118;24:36:00;Radiant;4;earthshaker;0;z;880;;"	138535219";6137;12;0/7/11;26;Radiant +9626;94;arcane_boots, blink, ward_dispenser, pavise, magic_wand, [pogo_stick]
02.04.2026 1:19;8753554118;24:36:00;Radiant;5;winter_wyvern;0;romoon;1369;nan;"	257542592";5510;13;03.06.2011;26;Radiant +9626;94;magic_wand, dust, blink, boots, shawl, shadow_amulet, [mana_draught]
02.04.2026 1:19;8753554118;24:36:00;Dire;1;antimage;0;Mantelis;2647;Brolau;"	143067868";11744;16;03.04.2004;21;Radiant +9626;94;orb_of_frost, magic_wand, bfury, power_treads, manta, [seeds_of_serenity]
02.04.2026 1:19;8753554118;24:36:00;Dire;2;kez;0;Kenshin Himura;741;nan;"	237286222";10556;16;05.04.2006;21;Radiant +9626;94;power_treads, ultimate_scepter, magic_stick, desolator, wraith_band, [dormant_curio]
02.04.2026 1:19;8753554118;24:36:00;Dire;3;pangolier;0;Lucky;604;nan;"	481029363";9426;15;02.06.2005;21;Radiant +9626;94;diffusal_blade, circlet, magic_wand, blight_stone, power_treads, mage_slayer, [mana_draught]
02.04.2026 1:19;8753554118;24:36:00;Dire;4;rubick;0;SAMETS;721;nan;"	150354245";7701;12;05.08.2008;21;Radiant +9626;94;blink, arcane_boots, wind_lace, glimmer_cape, magic_wand, ward_dispenser, [essence_ring]
02.04.2026 1:19;8753554118;24:36:00;Dire;5;crystal_maiden;0;Hyuga;972;NAVIj;"	343909498";5345;13;05.04.2010;21;Radiant +9626;94;magic_wand, ward_observer, solar_crest, clarity, tranquil_boots, [medallion_of_courage]
02.04.2026 1:20;8753551313;28:27:00;Radiant;1;pangolier;0;=;426;;"	279559282";22723;22;16/0/12;38;Radiant +22704;98;diffusal_blade, octarine_core, magic_wand, boots, mage_slayer, blink, [serrated_shiv]
02.04.2026 1:20;8753551313;28:27:00;Radiant;2;alchemist;0;Xenos;1065;nan;"	322901023";19030;21;06.03.2014;38;Radiant +22704;98;aegis, phase_boots, black_king_bar, blink, hyperstone, radiance, [unrelenting_eye]
02.04.2026 1:20;8753551313;28:27:00;Radiant;3;tidehunter;0;By.FlaSh;734;;"	88719902";14905;18;06.04.2012;38;Radiant +22704;98;blink, soul_ring, cyclone, vladmir, phase_boots, consecrated_wraps, [crippling_crossbow]
02.04.2026 1:20;8753551313;28:27:00;Radiant;4;venomancer;0;Flash;;;"	92028391";10400;14;07.11.2020;38;Radiant +22704;98;boots, spirit_vessel, cyclone, magic_wand, dust, [crippling_crossbow]
02.04.2026 1:20;8753551313;28:27:00;Radiant;5;ringmaster;0;assortedsins;593;nan;"	316478380";8046;15;03.06.2018;38;Radiant +22704;98;rod_of_atos, blink, dust, arcane_boots, magic_wand, gem, [pogo_stick]
02.04.2026 1:20;8753551313;28:27:00;Dire;1;tiny;0;–Ј–М¬µ–і—Ф—Фleni;634;;"	202256116";13530;17;06.06.2007;24;Radiant +22704;98;quelling_blade, echo_sabre, power_treads, silver_edge, magic_wand, mithril_hammer, [duelist_gloves]
02.04.2026 1:20;8753551313;28:27:00;Dire;2;magnataur;0;n;1393;nan;"	138733307";11743;16;01.05.2010;24;Radiant +22704;98;blink, wraith_band, black_king_bar, magic_wand, power_treads, echo_sabre, [pogo_stick]
02.04.2026 1:20;8753551313;28:27:00;Dire;3;void_spirit;0;axyetb);;;"	344443117";10972;16;05.05.2007;24;Radiant +22704;98;wraith_band, ogre_axe, power_treads, spirit_vessel, magic_wand, blade_of_alacrity, [searing_signet]
02.04.2026 1:20;8753551313;28:27:00;Dire;4;phoenix;0;Kuka;591;nan;"	165432797";8220;14;04.09.2011;24;Radiant +22704;98;magic_wand, ring_of_protection, cyclone, smoke_of_deceit, tranquil_boots, [medallion_of_courage]
02.04.2026 1:20;8753551313;28:27:00;Dire;5;rubick;0;–†—Ф–°—У–°вА°–†¬µ–°–В–°–П–†–Ж–°вАє–†вДЦ;1630;nan;"	1175010262";7935;13;7/13/14;24;Radiant +22704;98;glimmer_cape, magic_stick, arcane_boots, blink, fluffy_hat, staff_of_wizardry, [mana_draught]
02.04.2026 1:23;8753560088;23:01;Radiant;1;bristleback;0;byun;238;ease;"	1220993352";12886;16;02.02.2003;10;Dire +5217;50;lotus_orb, aegis, null_talisman, power_treads, magic_wand, sange_and_yasha, [medallion_of_courage]
02.04.2026 1:23;8753560088;23:01;Radiant;2;broodmother;0;scientist;;;"	1679221289";12223;17;03.03.2003;10;Dire +5217;50;power_treads, yasha, sphere, soul_ring, magic_wand, quelling_blade, [medallion_of_courage]
02.04.2026 1:23;8753560088;23:01;Radiant;3;ember_spirit;0;mellojul;53;LYNX;"	40805086";11272;14;01.03.2007;10;Dire +5217;50;bottle, magic_wand, phase_boots, shivas_guard, circlet, mage_slayer, [searing_signet]
02.04.2026 1:23;8753560088;23:01;Radiant;4;hoodwink;0;eva;419;nan;"	478048631";5459;11;03.04.2004;10;Dire +5217;50;circlet, boots, magic_stick, force_staff, [pogo_stick]
02.04.2026 1:23;8753560088;23:01;Radiant;5;oracle;0;shalyn;548;nan;"	131074643";4296;10;01.05.2005;10;Dire +5217;50;arcane_boots, magic_wand, smoke_of_deceit, wind_lace, faerie_fire, ward_sentry, [medallion_of_courage]
02.04.2026 1:23;8753560088;23:01;Dire;1;beastmaster;0;xannyy;301;nan;"	99155835";14693;18;2/0/3;17;Dire +5217;50;power_treads, ultimate_scepter, invis_sword, null_talisman, manta, quelling_blade, [poor_mans_shield]
02.04.2026 1:23;8753560088;23:01;Dire;2;pangolier;0;Flokk1n;110;nan;"	1302599438";11580;15;07.05.2003;17;Dire +5217;50;blight_stone, magic_wand, power_treads, diffusal_blade, ultimate_scepter, quelling_blade, [medallion_of_courage]
02.04.2026 1:23;8753560088;23:01;Dire;3;slardar;0;MIST;78;;"	296702734";10806;15;02.01.2009;17;Dire +5217;50;power_treads, blink, soul_ring, magic_wand, bracer, ogre_axe, [defiant_shell]
02.04.2026 1:23;8753560088;23:01;Dire;4;venomancer;0;npc;1025;nan;"	1157907397";8934;12;03.03.2008;17;Dire +5217;50;guardian_greaves, magic_wand, force_staff, ward_sentry, [pogo_stick]
02.04.2026 1:23;8753560088;23:01;Dire;5;shadow_shaman;0;m1ks`;603;nan;"	212958343";5340;10;03.02.2008;17;Dire +5217;50;sobi_mask, infused_raindrop, magic_wand, blink, ward_sentry, boots, [pogo_stick]
02.04.2026 1:23;8753570383;16:13;Radiant;1;necrolyte;0;tensa zangetsu;18;;"	332342615";7174;10;02.02.2000;9;Dire +6015;10;radiance, boots, magic_wand, fluffy_hat, null_talisman, [kobold_cup]
02.04.2026 1:23;8753570383;16:13;Radiant;2;dark_seer;0;Let me meet my doom;244;;"	162812365";6781;11;0/5/3;9;Dire +6015;10;magic_wand, null_talisman, soul_ring, consecrated_wraps, ring_of_health, ghost, [polliwog_charm]
02.04.2026 1:23;8753570383;16:13;Radiant;3;pangolier;0;Worick;46;nan;"	72393079";5106;11;03.05.2003;9;Dire +6015;10;branches, bottle, magic_wand, diffusal_blade, blight_stone, boots, [weighted_dice]
02.04.2026 1:23;8753570383;16:13;Radiant;4;batrider;0;–†—Ф–†¬∞–†—Ф–†—Х–†–Ж –†–Ж–†—Ф–°—У–°–Г –°–Г–†—Ш–†¬µ–°–В–°вАЪ–†—С;;;"	319292743";3981;9;03.05.2004;9;Dire +6015;10;tranquil_boots, blink, branches, branches, ward_dispenser, [dormant_curio]
02.04.2026 1:23;8753570383;16:13;Radiant;5;ringmaster;0;Rocky~;454;;"	100758751";1822;8;0/4/8;9;Dire +6015;10;ring_of_basilius, branches, magic_stick, boots, wizard_hat, [dormant_curio]
02.04.2026 1:23;8753570383;16:13;Dire;1;slark;0;–†вАШ–°–В–†¬∞–†вДЦ–°вАЪ–†—Х–†–Е-;1083;qwe;"	176019821";9838;13;6/0/4;21;Dire +6015;10;magic_wand, famango, power_treads, ward_sentry, diffusal_blade, mage_slayer, [duelist_gloves]
02.04.2026 1:23;8753570383;16:13;Dire;2;ember_spirit;0;M;107;;"	140251702";6608;11;06.02.2008;21;Dire +6015;10;bottle, phase_boots, magic_wand, blight_stone, mage_slayer, branches, [ash_legion_shield]
02.04.2026 1:23;8753570383;16:13;Dire;3;warlock;0;kaori;59;Aurora;"	320219866";5368;9;05.03.2012;21;Dire +6015;10;solar_crest, ward_observer, magic_wand, arcane_boots, infused_raindrop, [foragers_kit]
02.04.2026 1:23;8753570383;16:13;Dire;4;magnataur;0;:poop:;;;"	59463394";4708;9;0/2/7;21;Dire +6015;10;blink, magic_wand, boots, null_talisman, bracer, [dagger_of_ristul]
02.04.2026 1:23;8753570383;16:13;Dire;5;phoenix;0;–°вА°–°вАЪ–†—Х;152;;"	480210721";4357;8;04.02.2006;21;Dire +6015;10;ward_dispenser, magic_wand, solar_crest, blood_grenade, tranquil_boots, blood_grenade, [kobold_cup]
02.04.2026 1:27;8753595936;-00:14;Radiant;1;void_spirit;0;Senku;456;nan;"	288775038";0;0;0/0/0;0;Radiant +0;0;
02.04.2026 1:27;8753595936;-00:14;Radiant;2;spirit_breaker;0;ICXRLY;;;"	1175010262";0;0;0/0/0;0;Radiant +0;0;
02.04.2026 1:27;8753595936;-00:14;Radiant;3;techies;0;WinFull;1458;nan;"	45086239";0;0;0/0/0;0;Radiant +0;0;
02.04.2026 1:27;8753595936;-00:14;Radiant;4;bane;0;KSi;901;BITP;"	93613926";0;0;0/0/0;0;Radiant +0;0;
02.04.2026 1:27;8753595936;-00:14;Radiant;5;windrunner;0;–†—Ч–†—Х–°вАЮ–†¬µ–†—Ф;1175;;"	1237978993";0;0;0/0/0;0;Radiant +0;0;
02.04.2026 1:27;8753595936;-00:14;Dire;1;keeper_of_the_light;0;just_idc;599;nan;"	1289398969";0;0;0/0/0;0;Radiant +0;0;
02.04.2026 1:27;8753595936;-00:14;Dire;2;sand_king;0;Iceberg;1223;PUA;"	250114507";0;0;0/0/0;0;Radiant +0;0;
02.04.2026 1:27;8753595936;-00:14;Dire;3;rubick;0;–†вАЭ–†¬∞–°вВђ–†¬∞ –†вАЩ–†¬∞–°–Г–†–Е–†¬µ–°вА†–†—Х–†–Ж–†¬∞;841;–†—Я–†—Я–†вАЭ;"	207299604";0;0;0/0/0;0;Radiant +0;0;
02.04.2026 1:27;8753595936;-00:14;Dire;4;tidehunter;0;Mastermind~;;;"	92477990";0;0;0/0/0;0;Radiant +0;0;
02.04.2026 1:27;8753595936;-00:14;Dire;5;alchemist;0;Igris;1311;nan;"	1074436691";0;0;0/0/0;0;Radiant +0;0;
02.04.2026 1:33;8753583574;14:44;Radiant;1;necrolyte;0;the soloist;511;nan;"	42194754";8243;11;04.01.2004;19;Radiant +10660;98;faerie_fire, radiance, magic_wand, null_talisman, boots, branches, [chipped_vest]
02.04.2026 1:33;8753583574;14:44;Radiant;2;sand_king;0;No!ob–≤вАЮ—Ю;90;NGX;"	140297552";7596;11;4/0/6;19;Radiant +10660;98;blink, bottle, phase_boots, ogre_axe, branches, wind_lace, [kobold_cup]
02.04.2026 1:33;8753583574;14:44;Radiant;3;bristleback;0;Waneda;266;nan;"	1144214248";7469;10;03.02.2005;19;Radiant +10660;98;bracer, bracer, power_treads, crimson_guard, [dormant_curio]
02.04.2026 1:33;8753583574;14:44;Radiant;4;wisp;0;red`winehouse;476;;"	326327879";4634;10;06.02.2009;19;Radiant +10660;98;magic_wand, mekansm, soul_ring, infused_raindrop, ward_observer, [polliwog_charm]
02.04.2026 1:33;8753583574;14:44;Radiant;5;shadow_shaman;0;silly :P;755;;"	115793260";3592;9;02.02.2006;19;Radiant +10660;98;boots, infused_raindrop, magic_wand, essence_distiller, [ash_legion_shield]
02.04.2026 1:33;8753583574;14:44;Dire;1;kez;0;Waga;520;nan;"	32995405";5629;10;02.03.2001;7;Radiant +10660;98;blight_stone, magic_wand, bottle, phase_boots, falcon_blade, infused_raindrop, [chipped_vest]
02.04.2026 1:33;8753583574;14:44;Dire;2;pangolier;0;BOOM;43;nan;"	190826739";5524;10;01.04.2002;7;Radiant +10660;98;power_treads, mage_slayer, branches, branches, magic_wand, [duelist_gloves]
02.04.2026 1:33;8753583574;14:44;Dire;3;slark;0;Vagabund–Ј¬©—Ф;571;;"	880868638";5072;9;02.06.2003;7;Radiant +10660;98;magic_wand, gloves, power_treads, ward_dispenser, soul_ring, [possessed_mask]
02.04.2026 1:33;8753583574;14:44;Dire;4;disruptor;0;Max;448;nan;"	100483784";2333;7;02.03.2004;7;Radiant +10660;98;magic_wand, gloves, smoke_of_deceit, ward_dispenser, boots
02.04.2026 1:33;8753583574;14:44;Dire;5;magnataur;0;gaws;881;;"	121535719";2316;5;0/4/1;7;Radiant +10660;98;tranquil_boots, ward_sentry, [ash_legion_shield]
02.04.2026 1:34;8753557056;38:30:00;Radiant;1;luna;0;Cridoz;295;;"	118370366";27387;26;10.05.2007;34;Radiant +857;32;power_treads, satanic, manta, black_king_bar, butterfly, [enchanters_bauble]
02.04.2026 1:34;8753557056;38:30:00;Radiant;2;marci;0;Lelis;98;nan;"	87063175";21482;23;06.04.2015;34;Radiant +857;32;abyssal_blade, phase_boots, blink, black_king_bar, helm_of_the_dominator, soul_ring, [gunpowder_gauntlets]
02.04.2026 1:34;8753557056;38:30:00;Radiant;3;dragon_knight;0;LittleBoy;1007;nan;"	869784418";17887;23;04.05.2014;34;Radiant +857;32;black_king_bar, gem, assault, blink, power_treads, orchid, [giant_maul]
02.04.2026 1:34;8753557056;38:30:00;Radiant;4;skywrath_mage;0;Urek;1591;nan;"	193621726";16293;21;13.09.2012;34;Radiant +857;32;sheepstick, blink, arcane_boots, ghost, kaya, dust, [psychic_headband]
02.04.2026 1:34;8753557056;38:30:00;Radiant;5;treant;0;Fly;109;VP;"	94155156";9754;18;01.08.2024;34;Radiant +857;32;dust, arcane_boots, solar_crest, ghost, ward_observer, ancient_janggo, [gunpowder_gauntlets]
02.04.2026 1:34;8753557056;38:30:00;Dire;1;lone_druid;0;–†вАЭ–†¬†–†вАҐ–†вАЩ–†—Ь–†¬Ш–†вДҐ –†—Щ–†вАЩ–†—Т–†—Щ–†–И–†—Ь;1907;nan;"	230390700";29065;24;10.04.2006;31;Radiant +857;32;branches, branches, branches, dust, [gunpowder_gauntlets]
02.04.2026 1:34;8753557056;38:30:00;Dire;2;templar_assassin;0;KnowLedgE-;379;FP;"	402688758";20864;23;05.07.2010;31;Radiant +857;32;hurricane_pike, desolator, blink, black_king_bar, power_treads, monkey_king_bar, [flayers_bota]
02.04.2026 1:34;8753557056;38:30:00;Dire;3;pangolier;0;Michael;1086;nan;"	124583384";16515;20;04.09.2011;31;Radiant +857;32;blink, power_treads, magic_wand, manta, diffusal_blade, mage_slayer, [rattlecage]
02.04.2026 1:34;8753557056;38:30:00;Dire;4;phoenix;0;Stoic;64;LFT;"	163061132";12761;19;06.08.2018;31;Radiant +857;32;tranquil_boots, magic_wand, cyclone, essence_distiller, shivas_guard, ward_sentry, [rattlecage]
02.04.2026 1:34;8753557056;38:30:00;Dire;5;earthshaker;0;Jeezy;177;nan;"	123717676";12741;19;05.06.2012;31;Radiant +857;32;force_staff, blink, arcane_boots, wind_lace, octarine_core, [enchanters_bauble]
02.04.2026 1:41;8753564299;37:46:00;Radiant;1;bristleback;0;ssnovv1;45;AVULUS;"	320017600";25305;25;12.02.2009;30;Dire +6778;52;assault, sphere, power_treads, aegis, black_king_bar, sange_and_yasha, [giant_maul]
02.04.2026 1:41;8753564299;37:46:00;Radiant;2;storm_spirit;0;Mikoto;44;Aurora;"	301750126";21138;24;09.04.2013;30;Dire +6778;52;power_treads, witch_blade, bottle, kaya_and_sange, black_king_bar, bloodstone, [dandelion_amulet]
02.04.2026 1:41;8753564299;37:46:00;Radiant;3;enigma;0;4nalog–і—С¬ґ01;127;nan;"	131303632";17543;20;05.07.2006;30;Dire +6778;52;blink, ultimate_scepter, tranquil_boots, black_king_bar, hand_of_midas, ancient_janggo, [gunpowder_gauntlets]
02.04.2026 1:41;8753564299;37:46:00;Radiant;4;ringmaster;0;Pablo.LFT coach;289;;"	117015167";9605;18;04.10.2016;30;Dire +6778;52;arcane_boots, greater_famango, blink, ward_sentry, cyclone, aether_lens, [conjurers_catalyst]
02.04.2026 1:41;8753564299;37:46:00;Radiant;5;marci;0;daze;36;nan;"	919735867";7828;19;0/11/20;30;Dire +6778;52;ogre_axe, magic_wand, dust, phase_boots, solar_crest, [giant_maul]
02.04.2026 1:41;8753564299;37:46:00;Dire;1;kunkka;0;Satanic;2;PARI;"	1044002267";27613;25;06.03.2009;33;Dire +6778;52;satanic, phase_boots, greater_crit, sange_and_yasha, blink, rapier, [giant_maul]
02.04.2026 1:41;8753564299;37:46:00;Dire;2;tidehunter;0;1QQA;292;;"	363758022";22213;25;09.03.2013;33;Dire +6778;52;phase_boots, blink, shivas_guard, refresher, ultimate_scepter, consecrated_wraps, [stormcrafter]
02.04.2026 1:41;8753564299;37:46:00;Dire;3;sniper;0;Past-Future;171;;"	86745912";20728;23;08.04.2011;33;Dire +6778;52;satanic, power_treads, dragon_lance, silver_edge, consecrated_wraps, hand_of_midas, [rattlecage]
02.04.2026 1:41;8753564299;37:46:00;Dire;4;techies;0;Tobi;28;nan;"	140288368";10022;19;06.07.2019;33;Dire +6778;52;consecrated_wraps, vladmir, guardian_greaves, magic_wand, gem, blood_grenade, [partisans_brand]
02.04.2026 1:41;8753564299;37:46:00;Dire;5;lich;0;monodrama;343;nan;"	169516760";7621;14;4/13/8;33;Dire +6778;52;blink, ward_dispenser, solar_crest, shawl, magic_wand, tranquil_boots, [partisans_brand]
02.04.2026 1:43;8753587689;21:27;Radiant;1;leshrac;0;Garrosh Hellscream;502;;"	1091648587";12067;14;09.04.2015;34;Radiant +11100;99;arcane_boots, lotus_orb, kaya_and_sange, voodoo_mask, magic_wand, null_talisman, [mana_draught]
02.04.2026 1:43;8753587689;21:27;Radiant;2;largo;0;SSS;29;PV;"	402583877";11941;17;6/0/10;34;Radiant +11100;99;magic_wand, soul_ring, phase_boots, kaya_and_sange, ultimate_scepter, wind_lace, [defiant_shell]
02.04.2026 1:43;8753587689;21:27;Radiant;3;void_spirit;0;Mirele`;222;YeS;"	116865891";9491;14;07.02.2014;34;Radiant +11100;99;magic_wand, boots, branches, mage_slayer, spirit_vessel, bottle, [mana_draught]
02.04.2026 1:43;8753587689;21:27;Radiant;4;wisp;0;Ekki;76;nan;"	230487729";6732;14;07.05.2018;34;Radiant +11100;99;crown, mekansm, holy_locket, ward_dispenser, shawl, soul_ring, [mana_draught]
02.04.2026 1:43;8753587689;21:27;Radiant;5;venomancer;0;Akamu;495;nan;"	135709988";6426;14;05.06.2015;34;Radiant +11100;99;ward_dispenser, staff_of_wizardry, fluffy_hat, magic_wand, glimmer_cape, arcane_boots, [seeds_of_serenity]
02.04.2026 1:43;8753587689;21:27;Dire;1;beastmaster;0;diman4ig;482;nan;"	1152948930";9824;15;03.06.2006;16;Radiant +11100;99;magic_wand, ogre_axe, ward_sentry, sobi_mask, ultimate_scepter, power_treads, [mana_draught]
02.04.2026 1:43;8753587689;21:27;Dire;2;puck;0;Supream^;86;ICxI;"	58513047";9598;15;04.04.2007;16;Radiant +11100;99;magic_wand, null_talisman, power_treads, blink, witch_blade, bottle, [essence_ring]
02.04.2026 1:43;8753587689;21:27;Dire;3;death_prophet;0;MTD;272;X;"	112426916";8668;13;04.08.2004;16;Radiant +11100;99;power_treads, spirit_vessel, cyclone, magic_wand, [pogo_stick]
02.04.2026 1:43;8753587689;21:27;Dire;4;batrider;0;kur0patbI4;217;nan;"	221532774";4435;11;02.07.2008;16;Radiant +11100;99;ward_sentry, smoke_of_deceit, magic_wand, tranquil_boots, blink, circlet, [essence_ring]
02.04.2026 1:43;8753587689;21:27;Dire;5;rattletrap;0;kasta;581;ENJY;"	1041811781";3032;9;01.10.2009;16;Radiant +11100;99;ward_dispenser, shawl, wind_lace, magic_wand, clarity, tranquil_boots, [searing_signet]
02.04.2026 1:45;8753582347;25:46:00;Radiant;1;templar_assassin;0;Serenada;62;nan;"	399804216";16505;19;06.04.2003;27;Radiant +10780;73;power_treads, blink, desolator, falcon_blade, lesser_crit, dragon_lance, [medallion_of_courage]
02.04.2026 1:45;8753582347;25:46:00;Radiant;2;huskar;0;w33;216;NGX;"	86700461";13581;18;06.06.2007;27;Radiant +10780;73;sange_and_yasha, blink, magic_wand, armlet, boots, aegis, [essence_ring]
02.04.2026 1:45;8753582347;25:46:00;Radiant;3;batrider;0;zarich;167;nan;"	1224974216";12983;17;10.06.2007;27;Radiant +10780;73;boots_of_bearing, pipe, consecrated_wraps, magic_wand, bracer, [essence_ring]
02.04.2026 1:45;8753582347;25:46:00;Radiant;4;spirit_breaker;0;ryabinka;265;;"	109810461";8576;13;01.07.2021;27;Radiant +10780;73;phase_boots, invis_sword, magic_wand, hand_of_midas, [defiant_shell]
02.04.2026 1:45;8753582347;25:46:00;Radiant;5;mirana;0;–†“С–†¬∞–†–Ж–†¬∞–†вДЦ–°вАЪ–†¬µ –†“С–°–В–°—У–†¬ґ–†—С–°вАЪ–°–К;460;;"	217088850";6702;13;04.03.2016;27;Radiant +10780;73;foragers_health, guardian_greaves, dust, ward_sentry, magic_wand, [searing_signet]
02.04.2026 1:45;8753582347;25:46:00;Dire;1;tidehunter;0;Saberlight;33;nan;"	126212866";12156;16;04.04.2009;25;Radiant +10780;73;heavens_halberd, pipe, phase_boots, soul_ring, magic_wand, [medallion_of_courage]
02.04.2026 1:45;8753582347;25:46:00;Dire;2;morphling;0;213r312r3xdawdexas6134261;;;"	445923127";12065;16;04.03.2004;25;Radiant +10780;73;power_treads, sphere, manta, magic_wand, famango, branches, [possessed_mask]
02.04.2026 1:45;8753582347;25:46:00;Dire;3;phoenix;0;n.m.p;197;;"	1114792376";10203;15;10.05.2011;25;Radiant +10780;73;spirit_vessel, veil_of_discord, great_famango, boots, mystic_staff, [pogo_stick]
02.04.2026 1:45;8753582347;25:46:00;Dire;4;winter_wyvern;0;–†¬±–†¬ї–†¬∞–°вАЪ–†–Е–†—Х–†вДЦ;705;nan;"	316555102";7031;12;02.07.2015;25;Radiant +10780;73;arcane_boots, ward_dispenser, dust, blink, magic_wand, wind_lace, [searing_signet]
02.04.2026 1:45;8753582347;25:46:00;Dire;5;rubick;0;raregods;390;VPP;"	847851833";6112;13;05.08.2015;25;Radiant +10780;73;essence_distiller, ward_observer, mekansm, famango, dust, arcane_boots, [pogo_stick]
02.04.2026 1:48;8753615839;2:46;Radiant;1;razor;0;–†—Щ–°—У–†¬Ј–°–П;994;nan;"	136130910";1462;2;01.02.2002;4;Dire +929;51;bracer, circlet, magic_stick, branches, tango, boots
02.04.2026 1:48;8753615839;2:46;Radiant;2;tidehunter;0;Lucky;604;nan;"	481029363";1428;2;1/0/0;4;Dire +929;51;flask, magic_stick, branches, boots, wind_lace
02.04.2026 1:48;8753615839;2:46;Radiant;3;tusk;0;Lelis;98;nan;"	87063175";1167;3;1/0/2;4;Dire +929;51;wind_lace, magic_stick, ward_sentry
02.04.2026 1:48;8753615839;2:46;Radiant;4;invoker;0;Let It All Out;737;;"	226145427";793;2;0/2/0;4;Dire +929;51;mantle, circlet, branches, blood_grenade, mantle, circlet
02.04.2026 1:48;8753615839;2:46;Radiant;5;venomancer;0;–†—Ф–†¬∞–†—Ф–†—Х–†–Ж –†–Ж–†—Ф–°—У–°–Г –°–Г–†—Ш–†¬µ–°–В–°вАЪ–†—С;;;"	319292743";595;2;0/0/1;4;Dire +929;51;tango, magic_stick, branches, branches
02.04.2026 1:48;8753615839;2:46;Dire;1;lone_druid;0;PASHTET;949;;"	74206936";2030;4;2/0/0;4;Dire +929;51;branches, branches, branches, branches, branches
02.04.2026 1:48;8753615839;2:46;Dire;2;monkey_king;0;Hunter on Peruvians;338;;"	173480718";1433;3;0/0/0;4;Dire +929;51;branches, quelling_blade, magic_stick, boots, tango, faerie_fire
02.04.2026 1:48;8753615839;2:46;Dire;3;largo;0;Bassing;193;;"	148180390";1303;3;0/1/2;4;Dire +929;51;boots, magic_stick, gauntlets, branches, branches, branches
02.04.2026 1:48;8753615839;2:46;Dire;4;shadow_demon;0;–†—Ш–†¬∞–†—Ш–†¬∞ –†¬∞–†–Е–†¬∞–°–В–°вА¶–†—С–°–П;463;;"	199666759";999;2;02.02.2000;4;Dire +929;51;boots, branches, tango, ward_sentry, wind_lace
02.04.2026 1:48;8753615839;2:46;Dire;5;lion;0;B–У—Цbr;493;nan;"	124261350";609;2;0/1/0;4;Dire +929;51;tango, magic_stick, ward_sentry, faerie_fire, faerie_fire
02.04.2026 1:49;8753592851;23:13;Radiant;1;ursa;0;cutie;183;nan;"	256444993";11974;15;04.02.2003;17;Dire +10282;19;magic_wand, blink, bfury, basher, aegis, phase_boots, [pogo_stick]
02.04.2026 1:49;8753592851;23:13;Radiant;2;viper;0;Starlight-;515;nan;"	1674486174";10325;15;03.04.2002;17;Dire +10282;19;hydras_breath, magic_wand, wraith_band, power_treads, great_famango, wraith_band, [essence_ring]
02.04.2026 1:49;8753592851;23:13;Radiant;3;monkey_king;0;smurf123;1171;;"	321887583";7595;11;04.08.2005;17;Dire +10282;19;diffusal_blade, magic_wand, quelling_blade, power_treads, ogre_axe, [defiant_shell]
02.04.2026 1:49;8753592851;23:13;Radiant;4;venomancer;0;flacko;270;nan;"	196041577";5890;12;02.05.2010;17;Dire +10282;19;arcane_boots, force_staff, ward_dispenser, infused_raindrop, magic_wand, blood_grenade, [medallion_of_courage]
02.04.2026 1:49;8753592851;23:13;Radiant;5;dark_willow;0;Khan;1005;EG;"	324085917";5496;11;02.07.2010;17;Dire +10282;19;dust, boots, urn_of_shadows, magic_wand, cyclone, [pogo_stick]
02.04.2026 1:49;8753592851;23:13;Dire;1;batrider;0;chunga;185;nan;"	1132684405";12330;17;10.03.2005;26;Dire +10282;19;bottle, travel_boots, black_king_bar, veil_of_discord, wind_lace, magic_wand, [searing_signet]
02.04.2026 1:49;8753592851;23:13;Dire;2;doom_bringer;0;MONKU;1118;nan;"	413629942";12326;15;04.04.2010;26;Dire +10282;19;mithril_hammer, consecrated_wraps, phase_boots, blink, magic_wand, ancient_janggo, [searing_signet]
02.04.2026 1:49;8753592851;23:13;Dire;3;tiny;0;pve npc;1749;;"	283027142";11773;16;02.03.2006;26;Dire +10282;19;wraith_band, echo_sabre, quelling_blade, wind_lace, silver_edge, power_treads, [mana_draught]
02.04.2026 1:49;8753592851;23:13;Dire;4;hoodwink;0;—Г¬†–В–О—Г¬†–В–О;844;nan;"	175088787";8575;13;06.02.2015;26;Dire +10282;19;rod_of_atos, pers, circlet, arcane_boots, ward_sentry, magic_wand, [medallion_of_courage]
02.04.2026 1:49;8753592851;23:13;Dire;5;weaver;0;VaniLLl;137;Nemiga;"	120840516";6558;13;04.05.2007;26;Dire +10282;19;infused_raindrop, point_booster, cyclone, essence_distiller, magic_wand, [medallion_of_courage]
02.04.2026 2:07;8753598247;37:14:00;Radiant;1;slark;0;timado;206;;"	97658618";29562;27;25.02.2008;52;Radiant +29609;97;octarine_core, aegis, bloodthorn, disperser, ultimate_scepter, black_king_bar, [serrated_shiv]
02.04.2026 2:07;8753598247;37:14:00;Radiant;2;beastmaster;0;=;426;;"	279559282";27571;26;15.02.2008;52;Radiant +29609;97;manta, assault, butterfly, power_treads, ultimate_scepter, blink, [cloak_of_flames]
02.04.2026 2:07;8753598247;37:14:00;Radiant;3;batrider;0;Gobrain Jackson;429;;"	836056780";18702;23;06.04.2025;52;Radiant +29609;97;force_staff, boots_of_bearing, blink, black_king_bar, magic_wand, pers, [unrelenting_eye]
02.04.2026 2:07;8753598247;37:14:00;Radiant;4;tusk;0;tv/doctorbum;1641;nan;"	47977302";11424;20;05.09.2025;52;Radiant +29609;97;blink, tranquil_boots, clarity, magic_wand, cyclone, ward_sentry, [psychic_headband]
02.04.2026 2:07;8753598247;37:14:00;Radiant;5;disruptor;0;Fishman;504;nan;"	127565532";9180;17;01.08.2029;52;Radiant +29609;97;arcane_boots, blink, magic_stick, ward_dispenser, [spellslinger]
02.04.2026 2:07;8753598247;37:14:00;Dire;1;gyrocopter;0;DANGEROUS SUMMER;524;;"	191109206";21690;22;09.08.2008;23;Radiant +29609;97;ultimate_scepter, falcon_blade, sange_and_yasha, revenants_brooch, satanic, power_treads, [stormcrafter]
02.04.2026 2:07;8753598247;37:14:00;Dire;2;pangolier;0;useless;252;;"	323562138";20362;26;11.09.2006;23;Radiant +29609;97;diffusal_blade, octarine_core, travel_boots, blink, blight_stone, ultimate_scepter, [stormcrafter]
02.04.2026 2:07;8753598247;37:14:00;Dire;3;magnataur;0;gambling/gooning/gaming expert;553;;"	1134626011";9942;16;01.12.2013;23;Radiant +29609;97;blink, bracer, soul_ring, magic_wand, yasha_and_kaya, power_treads, [medallion_of_courage]
02.04.2026 2:07;8753598247;37:14:00;Dire;4;winter_wyvern;0;rage baiting;;;"	68007361";8615;14;01.10.2007;23;Radiant +29609;97;blink, essence_distiller, chasm_stone, glimmer_cape, greater_famango, boots, [partisans_brand]
02.04.2026 2:07;8753598247;37:14:00;Dire;5;bane;0;–†¬Ј–†—Х–†—Ш–†¬±–†—С –†—Ч–°–В–†—Х–†—Ф–°—У–°–В–†¬∞–°вАЪ–°—У–°–В–†¬∞;847;;"	482364904";6221;15;1/13/13;23;Radiant +29609;97;boots, magic_wand, ward_dispenser, point_booster, wind_lace, aether_lens, [unrelenting_eye]
02.04.2026 2:10;8753624986;15:12;Radiant;1;pangolier;0;mental –°вАУ–°вВђ–°—У;131;;"	187123736";6659;10;03.03.2003;8;Dire +13468;9;boots, mage_slayer, magic_stick, branches, diffusal_blade, branches, [dagger_of_ristul]
02.04.2026 2:10;8753624986;15:12;Radiant;2;leshrac;0;Niku;3;NAVI;"	185590374";5341;9;02.08.2002;8;Dire +13468;9;bottle, magic_wand, blink, arcane_boots, wind_lace, [kobold_cup]
02.04.2026 2:10;8753624986;15:12;Radiant;3;juggernaut;0;The zookeeper;289;;"	117015167";4662;9;0/4/0;8;Dire +13468;9;power_treads, magic_stick, broadsword, broadsword, quelling_blade, circlet, [duelist_gloves]
02.04.2026 2:10;8753624986;15:12;Radiant;4;warlock;0;ryota;184;AVULUS;"	1682179459";2723;7;02.07.2002;8;Dire +13468;9;shawl, boots, magic_wand, crown, ward_dispenser, wind_lace, [stonefeather_satchel]
02.04.2026 2:10;8753624986;15:12;Radiant;5;hoodwink;0;Fernans;135;nan;"	1172719712";2365;6;01.05.2005;8;Dire +13468;9;arcane_boots, branches, branches, magic_stick, ward_sentry, blight_stone, [kobold_cup]
02.04.2026 2:10;8753624986;15:12;Dire;1;huskar;0;RCY;67;GL;"	154974246";11074;13;14/0/3;27;Dire +13468;9;consecrated_wraps, sange, power_treads, magic_stick, wind_lace, armlet, [dormant_curio]
02.04.2026 2:10;8753624986;15:12;Dire;2;muerta;0;worst subhuman;;;"	904131336";7562;11;01.02.2001;27;Dire +13468;9;power_treads, magic_stick, quelling_blade, wraith_band, maelstrom, falcon_blade, [duelist_gloves]
02.04.2026 2:10;8753624986;15:12;Dire;3;night_stalker;0;Tobi;28;nan;"	140288368";7130;11;02.02.2009;27;Dire +13468;9;bracer, consecrated_wraps, phase_boots, bracer, branches, [ash_legion_shield]
02.04.2026 2:10;8753624986;15:12;Dire;4;rubick;0;Ekki;76;nan;"	230487729";4821;11;05.02.2012;27;Dire +13468;9;arcane_boots, ward_sentry, fluffy_hat, staff_of_wizardry, infused_raindrop, urn_of_shadows, [kobold_cup]
02.04.2026 2:10;8753624986;15:12;Dire;5;tusk;0;Sneyking;72;FLCN;"	10366616";4631;12;05.02.2011;27;Dire +13468;9;blink, magic_wand, tranquil_boots, infused_raindrop, ward_sentry, [foragers_kit]
02.04.2026 2:15;8753631944;14:49;Radiant;1;bristleback;0;Fayde;39;GL;"	160119017";7833;12;02.02.2002;14;Radiant +3656;79;magic_wand, power_treads, bracer, consecrated_wraps, soul_ring, bracer, [foragers_kit]
02.04.2026 2:15;8753631944;14:49;Radiant;2;monkey_king;0;disco elysium;570;;"	45106611";7797;10;05.02.2003;14;Radiant +3656;79;echo_sabre, quelling_blade, power_treads, blight_stone, magic_wand, wraith_band, [chipped_vest]
02.04.2026 2:15;8753631944;14:49;Radiant;3;viper;0;adz;283;nan;"	208181197";7392;11;04.02.2003;14;Radiant +3656;79;travel_boots, null_talisman, magic_wand, bracer, point_booster, ogre_axe, [dormant_curio]
02.04.2026 2:15;8753631944;14:49;Radiant;4;winter_wyvern;0;vchjx;745;;"	487735933";3116;7;02.04.2007;14;Radiant +3656;79;boots, ward_dispenser, branches, null_talisman, branches, [stonefeather_satchel]
02.04.2026 2:15;8753631944;14:49;Radiant;5;disruptor;0;Cridoz;295;;"	118370366";2465;8;0/0/6;14;Radiant +3656;79;arcane_boots, ward_dispenser, magic_stick, branches, circlet, [stonefeather_satchel]
02.04.2026 2:15;8753631944;14:49;Dire;1;skeleton_king;0;1/double 1 ;292;;"	363758022";6650;10;01.01.2001;9;Radiant +3656;79;phase_boots, magic_wand, quelling_blade, relic, gloves, gauntlets, [duelist_gloves]
02.04.2026 2:15;8753631944;14:49;Dire;2;huskar;0;Kot1kMed0ed;1071;nan;"	475235458";5471;11;04.03.2002;9;Radiant +3656;79;power_treads, armlet, wind_lace, [stonefeather_satchel]
02.04.2026 2:15;8753631944;14:49;Dire;3;night_stalker;0;end;;;"	317690653";5412;10;03.04.2001;9;Radiant +3656;79;phase_boots, gloves, wind_lace, blades_of_attack, soul_ring, branches, [dormant_curio]
